id,age,edu,income,gender,region,married
1,25,10,10992,男,华中,1
2,51,19,18646,男,华北,1
3,32,10,20029,女,华北,1
4,51,19,7263,男,华东,1
5,52,9,28185,男,华东,1
6,45,19,17060,男,华中,0
7,30,19,25520,女,华南,0
8,24,20,18156,女,华北,1
9,52,19,11646,女,华中,1
10,58,11,29284,女,华东,0
11,57,14,14664,女,华北,0
12,45,16,5969,女,华南,0
13,52,17,6028,女,华东,0
14,27,15,27027,男,华东,1
15,23,12,22065,男,华东,1
16,41,14,6629,女,华中,0
17,49,13,23609,男,华南,1
18,32,16,6067,男,华北,0
19,25,9,8941,女,华中,1
20,36,9,20770,男,华中,0
21,27,21,22250,男,华中,1
22,51,19,24172,男,华东,0
23,59,14,14555,男,华南,0
24,23,18,24874,男,华中,1
25,36,20,16081,女,华北,0
26,32,10,23508,女,华南,1
27,29,13,27724,女,华北,1
28,47,9,23234,男,华南,0
29,26,15,24799,女,华北,1
30,27,9,29634,男,华东,1
31,47,12,27063,男,华中,1
32,25,17,9819,男,华北,1
33,40,9,28712,男,华南,1
34,41,12,27762,女,华中,0
35,54,14,14046,女,华中,1
36,41,14,28826,男,华南,1
37,33,20,20717,女,华北,1
38,22,21,23534,男,华东,1
39,47,16,26150,女,华东,1
40,35,9,5711,女,华北,0
41,59,15,7853,男,华中,1
42,58,9,25596,女,华中,0
43,32,21,26863,男,华中,0
44,57,15,24792,女,华中,0
45,34,11,29361,男,华北,0
46,24,19,10715,男,华中,1
47,54,16,11942,女,华南,0
48,27,11,18507,女,华中,0
49,31,21,18826,男,华东,1
50,26,9,4762,女,华中,1
51,44,21,18850,女,华北,1
52,31,21,15112,男,华东,0
53,23,16,26485,男,华北,1
54,34,11,27058,女,华北,1
55,23,10,15652,男,华东,0
56,41,9,9122,男,华北,1
57,22,11,3481,男,华北,1
58,58,10,17536,女,华中,1
59,30,10,3153,女,华南,1
60,38,14,10617,男,华北,0
61,30,20,4524,女,华北,1
62,32,9,5120,男,华北,1
63,36,10,18048,女,华中,0
64,45,14,5343,男,华南,1
65,59,11,8136,男,华东,0
66,56,12,25144,女,华中,1
67,51,9,4240,男,华中,0
68,52,16,3060,女,华南,0
69,26,21,12130,女,华南,0
70,35,15,21023,男,华中,0
71,32,15,25569,男,华东,1
72,30,11,15312,女,华中,0
73,55,18,16350,男,华南,1
74,33,18,27354,男,华东,0
75,56,11,15418,男,华南,0
76,56,10,4252,男,华东,0
77,22,20,23587,男,华北,1
78,43,9,11363,女,华南,0
79,50,15,12650,女,华南,1
80,29,15,22933,男,华中,1
81,32,20,23581,男,华南,1
82,58,10,26393,男,华南,1
83,35,15,26051,女,华北,1
84,51,21,21706,男,华南,1
85,56,16,29212,女,华北,1
86,42,9,19314,女,华北,1
87,58,17,7090,女,华北,1
88,26,15,9960,男,华北,0
89,40,11,6004,女,华东,0
90,35,16,24520,男,华中,0
91,47,15,19713,女,华东,0
92,25,19,6640,男,华南,0
93,46,21,27366,女,华东,1
94,46,16,23491,男,华东,1
95,39,14,4341,女,华南,1
96,29,17,14855,男,华南,1
97,35,13,27791,男,华南,1
98,53,11,3338,男,华东,1
99,59,11,8895,男,华东,1
100,54,9,15254,女,华南,0
101,44,20,22092,女,华中,0
102,36,16,14344,男,华中,0
103,54,10,4750,女,华北,0
104,46,11,24988,男,华南,1
105,38,16,5421,男,华北,1
106,54,16,10119,女,华中,1
107,23,19,28285,男,华北,0
108,35,12,8319,男,华南,1
109,27,12,18896,女,华南,1
110,27,13,25993,男,华南,1
111,24,14,24771,男,华东,0
112,28,13,14918,男,华北,1
113,29,15,23377,男,华中,0
114,36,10,28064,女,华中,0
115,50,15,27428,女,华中,0
116,54,18,16849,女,华东,0
117,51,15,27622,男,华东,1
118,48,9,7873,男,华南,0
119,57,15,7806,女,华中,0
120,50,13,11592,男,华东,1
121,59,11,15182,男,华南,1
122,54,21,25297,男,华中,0
123,58,11,26508,男,华北,1
124,48,12,22541,女,华南,0
125,54,21,19774,女,华东,0
126,25,20,15045,女,华东,0
127,43,10,7430,男,华南,0
128,23,10,11820,女,华南,1
129,31,9,27070,女,华东,0
130,26,13,7232,男,华北,1
131,31,12,14122,男,华中,1
132,54,19,18023,女,华北,1
133,59,18,11007,女,华南,1
134,34,10,20905,女,华北,0
135,52,11,12018,女,华东,1
136,57,15,4500,男,华南,0
137,45,15,9737,女,华中,1
138,36,20,6294,女,华东,1
139,50,12,24469,男,华东,0
140,29,13,21803,女,华中,0
141,26,13,28510,男,华中,0
142,50,14,22426,男,华北,1
143,25,17,7497,男,华南,1
144,33,10,20850,女,华中,0
145,23,13,22945,女,华中,0
146,48,20,3614,男,华南,0
147,52,11,24776,女,华中,0
148,57,12,27077,女,华中,1
149,57,18,12374,男,华北,0
150,47,14,22607,男,华东,0
151,48,20,26522,女,华东,0
152,26,16,5667,男,华东,0
153,41,9,27364,女,华东,1
154,32,18,16409,女,华中,0
155,31,16,19514,女,华南,1
156,59,19,5983,女,华南,0
157,27,15,23662,男,华北,0
158,29,9,26510,男,华北,1
159,44,10,15651,男,华中,0
160,47,11,11230,男,华南,1
161,33,9,27078,女,华南,1
162,47,17,9640,女,华东,0
163,34,16,14779,男,华中,1
164,39,10,24852,女,华中,1
165,46,21,18317,女,华东,1
166,54,17,20304,女,华中,1
167,33,15,10564,男,华中,1
168,57,17,18520,男,华北,1
169,25,14,28068,男,华南,1
170,26,14,16737,女,华中,1
171,58,19,12323,男,华北,0
172,29,12,18229,男,华南,0
173,49,18,14713,男,华东,1
174,52,18,11502,男,华北,0
175,30,21,28314,男,华北,1
176,50,21,22625,男,华南,1
177,35,10,3545,女,华东,0
178,43,15,7346,女,华北,1
179,32,13,12996,男,华中,1
180,44,19,18775,男,华中,1
181,22,14,16919,女,华中,1
182,58,10,6810,女,华东,0
183,42,13,10206,男,华北,1
184,47,18,12005,男,华中,1
185,57,12,19371,男,华东,1
186,44,17,15316,男,华中,0
187,22,14,21416,女,华南,1
188,36,10,11436,男,华北,0
189,42,9,15984,男,华北,0
190,30,13,3271,男,华东,1
191,30,17,22895,男,华东,1
192,31,14,21155,女,华北,0
193,47,18,28838,女,华中,1
194,56,20,13616,女,华中,0
195,46,15,7361,男,华南,0
196,47,13,10069,男,华中,1
197,32,18,20304,女,华东,1
198,59,14,27574,男,华东,0
199,23,13,6430,男,华中,0
200,28,19,23819,女,华东,0
