id,year,firm,industry,wage,edu,exp,gender,region
1,2015,A001,金融业,10858,19,1,男,华中
1,2016,A001,金融业,10958,19,2,男,华中
1,2017,A001,金融业,11331,19,3,女,华中
1,2018,A001,金融业,12615,20,4,男,华中
1,2019,A001,金融业,12905,19,5,女,华中
1,2020,A001,金融业,13087,20,6,女,华中
1,2021,A001,金融业,14049,19,7,女,华中
1,2022,A001,金融业,14699,19,8,男,华中
1,2023,A001,金融业,14703,19,9,女,华中
2,2015,A002,制造业,10032,20,1,女,华中
2,2016,A002,制造业,10949,21,2,女,华中
2,2017,A002,制造业,11756,20,3,女,华中
2,2018,A002,制造业,12160,20,4,男,华中
2,2019,A002,制造业,12849,20,5,女,华中
2,2020,A002,制造业,13305,20,6,男,华中
2,2021,A002,制造业,13458,20,7,男,华中
2,2022,A002,制造业,13494,20,8,男,华中
2,2023,A002,制造业,14247,21,9,男,华中
3,2015,A003,服务业,11733,21,1,女,华北
3,2016,A003,服务业,11760,21,2,女,华北
3,2017,A003,服务业,12623,22,3,男,华北
3,2018,A003,服务业,13444,21,4,男,华北
3,2019,A003,服务业,13374,21,5,女,华北
3,2020,A003,服务业,14230,22,6,女,华北
3,2021,A003,服务业,14170,21,7,女,华北
3,2022,A003,服务业,15234,21,8,女,华北
3,2023,A003,服务业,15990,21,9,男,华北
4,2015,A004,服务业,10376,13,2,男,华北
4,2016,A004,服务业,10696,13,3,女,华北
4,2017,A004,服务业,10842,13,4,女,华北
4,2018,A004,服务业,11582,14,5,男,华北
4,2019,A004,服务业,12100,13,6,女,华北
4,2020,A004,服务业,12759,13,7,女,华北
4,2021,A004,服务业,13302,13,8,女,华北
4,2022,A004,服务业,13068,14,9,男,华北
4,2023,A004,服务业,13421,13,10,男,华北
5,2015,A005,制造业,10363,20,3,女,华东
5,2016,A005,制造业,11167,21,4,男,华东
5,2017,A005,制造业,11158,20,5,男,华东
5,2018,A005,制造业,11911,20,6,男,华东
5,2019,A005,制造业,12308,20,7,男,华东
5,2020,A005,制造业,13009,20,8,女,华东
5,2021,A005,制造业,13060,21,9,男,华东
5,2022,A005,制造业,13720,21,10,女,华东
5,2023,A005,制造业,14949,20,11,女,华东
6,2015,A006,金融业,9981,20,1,女,华南
6,2016,A006,金融业,10784,19,2,男,华南
6,2017,A006,金融业,11036,19,3,男,华南
6,2018,A006,金融业,11259,19,4,男,华南
6,2019,A006,金融业,11302,19,5,男,华南
6,2020,A006,金融业,12564,19,6,男,华南
6,2021,A006,金融业,13092,19,7,男,华南
6,2022,A006,金融业,12812,19,8,女,华南
6,2023,A006,金融业,14189,19,9,男,华南
7,2015,A007,金融业,9558,19,1,女,华中
7,2016,A007,金融业,10447,18,2,男,华中
7,2017,A007,金融业,11211,18,3,男,华中
7,2018,A007,金融业,11503,19,4,男,华中
7,2019,A007,金融业,11622,18,5,男,华中
7,2020,A007,金融业,12205,18,6,女,华中
7,2021,A007,金融业,13040,18,7,男,华中
7,2022,A007,金融业,13536,18,8,男,华中
7,2023,A007,金融业,14108,19,9,女,华中
8,2015,A008,服务业,11643,21,3,女,华北
8,2016,A008,服务业,11895,21,4,男,华北
8,2017,A008,服务业,12453,21,5,男,华北
8,2018,A008,服务业,13298,21,6,男,华北
8,2019,A008,服务业,13429,21,7,女,华北
8,2020,A008,服务业,14126,21,8,男,华北
8,2021,A008,服务业,14488,21,9,男,华北
8,2022,A008,服务业,15489,21,10,女,华北
8,2023,A008,服务业,15834,21,11,男,华北
9,2015,A009,服务业,11027,19,1,男,华中
9,2016,A009,服务业,11856,20,2,女,华中
9,2017,A009,服务业,12424,19,3,女,华中
9,2018,A009,服务业,12801,19,4,男,华中
9,2019,A009,服务业,13539,20,5,男,华中
9,2020,A009,服务业,14113,19,6,女,华中
9,2021,A009,服务业,14556,20,7,女,华中
9,2022,A009,服务业,15269,19,8,女,华中
9,2023,A009,服务业,15139,19,9,男,华中
10,2015,A010,服务业,9700,16,4,女,华北
10,2016,A010,服务业,9775,17,5,男,华北
10,2017,A010,服务业,10231,17,6,男,华北
10,2018,A010,服务业,10929,16,7,女,华北
10,2019,A010,服务业,11308,16,8,女,华北
10,2020,A010,服务业,12138,16,9,女,华北
10,2021,A010,服务业,12935,16,10,女,华北
10,2022,A010,服务业,12672,16,11,男,华北
10,2023,A010,服务业,13152,16,12,女,华北
11,2015,A011,制造业,9885,15,4,女,华南
11,2016,A011,制造业,10416,15,5,男,华南
11,2017,A011,制造业,10101,16,6,男,华南
11,2018,A011,制造业,11273,15,7,男,华南
11,2019,A011,制造业,11889,16,8,男,华南
11,2020,A011,制造业,11791,16,9,男,华南
11,2021,A011,制造业,12732,16,10,男,华南
11,2022,A011,制造业,12926,15,11,男,华南
11,2023,A011,制造业,13368,15,12,女,华南
12,2015,A012,金融业,11387,21,4,女,华南
12,2016,A012,金融业,12212,22,5,女,华南
12,2017,A012,金融业,12467,21,6,男,华南
12,2018,A012,金融业,12475,21,7,男,华南
12,2019,A012,金融业,12824,21,8,男,华南
12,2020,A012,金融业,13974,22,9,女,华南
12,2021,A012,金融业,13946,22,10,女,华南
12,2022,A012,金融业,14369,22,11,男,华南
12,2023,A012,金融业,15735,22,12,男,华南
13,2015,A013,制造业,8954,15,2,男,华中
13,2016,A013,制造业,8714,15,3,男,华中
13,2017,A013,制造业,9201,15,4,男,华中
13,2018,A013,制造业,10516,16,5,女,华中
13,2019,A013,制造业,10440,15,6,女,华中
13,2020,A013,制造业,10765,16,7,男,华中
13,2021,A013,制造业,11783,16,8,男,华中
13,2022,A013,制造业,12182,15,9,女,华中
13,2023,A013,制造业,12379,16,10,女,华中
14,2015,A014,金融业,8843,13,4,男,华南
14,2016,A014,金融业,9538,12,5,男,华南
14,2017,A014,金融业,9177,12,6,女,华南
14,2018,A014,金融业,9693,12,7,男,华南
14,2019,A014,金融业,10718,12,8,女,华南
14,2020,A014,金融业,10938,12,9,女,华南
14,2021,A014,金融业,11432,12,10,男,华南
14,2022,A014,金融业,11939,12,11,女,华南
14,2023,A014,金融业,12636,12,12,女,华南
15,2015,A015,制造业,8437,14,4,女,华中
15,2016,A015,制造业,8762,15,5,女,华中
15,2017,A015,制造业,9403,14,6,女,华中
15,2018,A015,制造业,10118,14,7,男,华中
15,2019,A015,制造业,11137,14,8,男,华中
15,2020,A015,制造业,11025,14,9,男,华中
15,2021,A015,制造业,11547,14,10,男,华中
15,2022,A015,制造业,11844,15,11,男,华中
15,2023,A015,制造业,12361,14,12,男,华中
16,2015,A016,制造业,10501,19,1,女,华中
16,2016,A016,制造业,11471,18,2,男,华中
16,2017,A016,制造业,11744,18,3,男,华中
16,2018,A016,制造业,12550,18,4,女,华中
16,2019,A016,制造业,12804,19,5,男,华中
16,2020,A016,制造业,13532,18,6,女,华中
16,2021,A016,制造业,13817,18,7,女,华中
16,2022,A016,制造业,14064,18,8,男,华中
16,2023,A016,制造业,14282,18,9,男,华中
17,2015,A017,金融业,11363,18,1,男,华北
17,2016,A017,金融业,11922,18,2,女,华北
17,2017,A017,金融业,12129,19,3,女,华北
17,2018,A017,金融业,13007,18,4,女,华北
17,2019,A017,金融业,13289,19,5,男,华北
17,2020,A017,金融业,13880,19,6,女,华北
17,2021,A017,金融业,14004,18,7,女,华北
17,2022,A017,金融业,14987,18,8,男,华北
17,2023,A017,金融业,14696,18,9,女,华北
18,2015,A018,金融业,10985,17,3,女,华南
18,2016,A018,金融业,10912,17,4,女,华南
18,2017,A018,金融业,11857,17,5,男,华南
18,2018,A018,金融业,12479,17,6,女,华南
18,2019,A018,金融业,13070,17,7,男,华南
18,2020,A018,金融业,13231,17,8,男,华南
18,2021,A018,金融业,13551,17,9,女,华南
18,2022,A018,金融业,14407,17,10,男,华南
18,2023,A018,金融业,14483,17,11,男,华南
19,2015,A019,服务业,9454,15,3,男,华南
19,2016,A019,服务业,9504,15,4,女,华南
19,2017,A019,服务业,10304,14,5,男,华南
19,2018,A019,服务业,10254,14,6,男,华南
19,2019,A019,服务业,11238,14,7,男,华南
19,2020,A019,服务业,11480,14,8,女,华南
19,2021,A019,服务业,11751,14,9,男,华南
19,2022,A019,服务业,12261,14,10,女,华南
19,2023,A019,服务业,13275,14,11,女,华南
20,2015,A020,制造业,9178,14,4,男,华南
20,2016,A020,制造业,10048,13,5,男,华南
20,2017,A020,制造业,10957,14,6,男,华南
20,2018,A020,制造业,11559,14,7,男,华南
20,2019,A020,制造业,11641,13,8,男,华南
20,2020,A020,制造业,11807,13,9,女,华南
20,2021,A020,制造业,12214,14,10,男,华南
20,2022,A020,制造业,13557,13,11,男,华南
20,2023,A020,制造业,13345,13,12,女,华南
21,2015,A021,制造业,9830,13,2,男,华南
21,2016,A021,制造业,9576,13,3,女,华南
21,2017,A021,制造业,10346,13,4,男,华南
21,2018,A021,制造业,10923,13,5,男,华南
21,2019,A021,制造业,11126,12,6,男,华南
21,2020,A021,制造业,11395,12,7,女,华南
21,2021,A021,制造业,12630,12,8,女,华南
21,2022,A021,制造业,13174,13,9,男,华南
21,2023,A021,制造业,13778,12,10,男,华南
22,2015,A022,服务业,8963,13,4,女,华中
22,2016,A022,服务业,9283,12,5,女,华中
22,2017,A022,服务业,9944,13,6,女,华中
22,2018,A022,服务业,10107,12,7,女,华中
22,2019,A022,服务业,11111,13,8,女,华中
22,2020,A022,服务业,11622,13,9,男,华中
22,2021,A022,服务业,12376,12,10,男,华中
22,2022,A022,服务业,12374,12,11,女,华中
22,2023,A022,服务业,13282,12,12,男,华中
23,2015,A023,服务业,8651,13,1,男,华南
23,2016,A023,服务业,9246,13,2,女,华南
23,2017,A023,服务业,9502,13,3,女,华南
23,2018,A023,服务业,9999,13,4,女,华南
23,2019,A023,服务业,10012,13,5,男,华南
23,2020,A023,服务业,10593,13,6,男,华南
23,2021,A023,服务业,11523,13,7,男,华南
23,2022,A023,服务业,11810,14,8,女,华南
23,2023,A023,服务业,12626,13,9,男,华南
24,2015,A024,制造业,11175,22,1,男,华中
24,2016,A024,制造业,11444,21,2,女,华中
24,2017,A024,制造业,11803,21,3,男,华中
24,2018,A024,制造业,12754,22,4,女,华中
24,2019,A024,制造业,12918,21,5,女,华中
24,2020,A024,制造业,12792,22,6,男,华中
24,2021,A024,制造业,13950,21,7,男,华中
24,2022,A024,制造业,13972,21,8,男,华中
24,2023,A024,制造业,15053,21,9,男,华中
25,2015,A025,服务业,10594,20,2,男,华中
25,2016,A025,服务业,11007,21,3,男,华中
25,2017,A025,服务业,11128,20,4,女,华中
25,2018,A025,服务业,11660,20,5,女,华中
25,2019,A025,服务业,12613,20,6,女,华中
25,2020,A025,服务业,12959,20,7,女,华中
25,2021,A025,服务业,13262,21,8,男,华中
25,2022,A025,服务业,13464,20,9,女,华中
25,2023,A025,服务业,13920,21,10,男,华中
26,2015,A026,制造业,10035,16,3,男,华中
26,2016,A026,制造业,10659,16,4,女,华中
26,2017,A026,制造业,11401,16,5,男,华中
26,2018,A026,制造业,11600,16,6,男,华中
26,2019,A026,制造业,11681,16,7,男,华中
26,2020,A026,制造业,12809,16,8,男,华中
26,2021,A026,制造业,13054,16,9,女,华中
26,2022,A026,制造业,13920,17,10,男,华中
26,2023,A026,制造业,13719,16,11,男,华中
27,2015,A027,服务业,11561,19,2,女,华东
27,2016,A027,服务业,11309,19,3,男,华东
27,2017,A027,服务业,11780,19,4,男,华东
27,2018,A027,服务业,12763,20,5,男,华东
27,2019,A027,服务业,13448,19,6,女,华东
27,2020,A027,服务业,13772,19,7,男,华东
27,2021,A027,服务业,13832,19,8,女,华东
27,2022,A027,服务业,14919,19,9,女,华东
27,2023,A027,服务业,15030,19,10,男,华东
28,2015,A028,服务业,11392,21,2,男,华南
28,2016,A028,服务业,12026,21,3,女,华南
28,2017,A028,服务业,12573,21,4,女,华南
28,2018,A028,服务业,13513,22,5,女,华南
28,2019,A028,服务业,14182,21,6,男,华南
28,2020,A028,服务业,14788,21,7,男,华南
28,2021,A028,服务业,15326,22,8,女,华南
28,2022,A028,服务业,15358,21,9,女,华南
28,2023,A028,服务业,15722,21,10,女,华南
29,2015,A029,制造业,8912,16,2,女,华北
29,2016,A029,制造业,9029,16,3,男,华北
29,2017,A029,制造业,9505,17,4,女,华北
29,2018,A029,制造业,10069,16,5,女,华北
29,2019,A029,制造业,10585,17,6,男,华北
29,2020,A029,制造业,11515,17,7,男,华北
29,2021,A029,制造业,11758,16,8,男,华北
29,2022,A029,制造业,12161,16,9,男,华北
29,2023,A029,制造业,12771,16,10,男,华北
30,2015,A030,服务业,9122,14,4,女,华北
30,2016,A030,服务业,8999,15,5,女,华北
30,2017,A030,服务业,10137,14,6,女,华北
30,2018,A030,服务业,10077,15,7,男,华北
30,2019,A030,服务业,10177,14,8,女,华北
30,2020,A030,服务业,11345,14,9,女,华北
30,2021,A030,服务业,11867,15,10,女,华北
30,2022,A030,服务业,12209,15,11,男,华北
30,2023,A030,服务业,12210,15,12,女,华北
31,2015,A031,金融业,8751,12,1,女,华北
31,2016,A031,金融业,9279,12,2,男,华北
31,2017,A031,金融业,9585,12,3,男,华北
31,2018,A031,金融业,9917,12,4,男,华北
31,2019,A031,金融业,10283,12,5,男,华北
31,2020,A031,金融业,11448,12,6,女,华北
31,2021,A031,金融业,11851,12,7,女,华北
31,2022,A031,金融业,11778,12,8,男,华北
31,2023,A031,金融业,12146,13,9,男,华北
32,2015,A032,服务业,8838,13,4,男,华东
32,2016,A032,服务业,9443,13,5,男,华东
32,2017,A032,服务业,10515,13,6,男,华东
32,2018,A032,服务业,10850,13,7,男,华东
32,2019,A032,服务业,11271,13,8,男,华东
32,2020,A032,服务业,11672,13,9,男,华东
32,2021,A032,服务业,12484,13,10,女,华东
32,2022,A032,服务业,13138,13,11,男,华东
32,2023,A032,服务业,13306,13,12,男,华东
33,2015,A033,制造业,9689,16,1,男,华南
33,2016,A033,制造业,9620,16,2,女,华南
33,2017,A033,制造业,10432,16,3,男,华南
33,2018,A033,制造业,10526,16,4,男,华南
33,2019,A033,制造业,11747,16,5,男,华南
33,2020,A033,制造业,12356,17,6,女,华南
33,2021,A033,制造业,12009,17,7,男,华南
33,2022,A033,制造业,12547,16,8,女,华南
33,2023,A033,制造业,13225,16,9,女,华南
34,2015,A034,服务业,9437,14,4,男,华南
34,2016,A034,服务业,10873,13,5,男,华南
34,2017,A034,服务业,11208,13,6,女,华南
34,2018,A034,服务业,11650,13,7,男,华南
34,2019,A034,服务业,11590,13,8,男,华南
34,2020,A034,服务业,12793,13,9,男,华南
34,2021,A034,服务业,12818,13,10,女,华南
34,2022,A034,服务业,13587,14,11,女,华南
34,2023,A034,服务业,14189,13,12,女,华南
35,2015,A035,服务业,9279,14,3,男,华北
35,2016,A035,服务业,10514,14,4,女,华北
35,2017,A035,服务业,10572,14,5,女,华北
35,2018,A035,服务业,11093,14,6,男,华北
35,2019,A035,服务业,11827,15,7,女,华北
35,2020,A035,服务业,11714,14,8,女,华北
35,2021,A035,服务业,12815,15,9,女,华北
35,2022,A035,服务业,13514,14,10,女,华北
35,2023,A035,服务业,13804,14,11,女,华北
36,2015,A036,制造业,9122,14,3,女,华北
36,2016,A036,制造业,9054,14,4,女,华北
36,2017,A036,制造业,10371,15,5,女,华北
36,2018,A036,制造业,10319,15,6,女,华北
36,2019,A036,制造业,10740,14,7,女,华北
36,2020,A036,制造业,11154,14,8,男,华北
36,2021,A036,制造业,12131,14,9,男,华北
36,2022,A036,制造业,12593,14,10,男,华北
36,2023,A036,制造业,13248,14,11,女,华北
37,2015,A037,服务业,9949,17,1,男,华东
37,2016,A037,服务业,10460,17,2,女,华东
37,2017,A037,服务业,10982,17,3,女,华东
37,2018,A037,服务业,11666,17,4,男,华东
37,2019,A037,服务业,11509,17,5,男,华东
37,2020,A037,服务业,11983,17,6,女,华东
37,2021,A037,服务业,12675,18,7,女,华东
37,2022,A037,服务业,13043,17,8,女,华东
37,2023,A037,服务业,14009,17,9,女,华东
38,2015,A038,制造业,9067,12,3,男,华中
38,2016,A038,制造业,9514,13,4,女,华中
38,2017,A038,制造业,9901,12,5,女,华中
38,2018,A038,制造业,10858,12,6,女,华中
38,2019,A038,制造业,10761,12,7,女,华中
38,2020,A038,制造业,11401,12,8,女,华中
38,2021,A038,制造业,12258,12,9,男,华中
38,2022,A038,制造业,12498,12,10,女,华中
38,2023,A038,制造业,12738,12,11,女,华中
39,2015,A039,制造业,11420,21,2,女,华北
39,2016,A039,制造业,12022,21,3,男,华北
39,2017,A039,制造业,11565,21,4,男,华北
39,2018,A039,制造业,12990,21,5,男,华北
39,2019,A039,制造业,12623,21,6,女,华北
39,2020,A039,制造业,13849,21,7,男,华北
39,2021,A039,制造业,14062,22,8,男,华北
39,2022,A039,制造业,14617,21,9,男,华北
39,2023,A039,制造业,14770,21,10,女,华北
40,2015,A040,金融业,9997,18,2,男,华中
40,2016,A040,金融业,10469,17,3,女,华中
40,2017,A040,金融业,10646,17,4,女,华中
40,2018,A040,金融业,11413,17,5,女,华中
40,2019,A040,金融业,11959,17,6,女,华中
40,2020,A040,金融业,12036,17,7,女,华中
40,2021,A040,金融业,12962,17,8,男,华中
40,2022,A040,金融业,13158,17,9,男,华中
40,2023,A040,金融业,13931,17,10,男,华中
